SALARY,prediction,Model
75550,75885.62010352548,Linear Regression
83200,83138.53272484487,Linear Regression
59280,59500.47501365079,Linear Regression
75550,75898.2739189278,Linear Regression
75556,75910.41244425128,Linear Regression
65000,65216.34204181767,Linear Regression
70987,71303.9956318605,Linear Regression
74281,73060.37227411188,Linear Regression
96300,96387.90014249696,Linear Regression
82249,82462.86082017016,Linear Regression
61360,61615.300614145046,Linear Regression
92500,92727.62636827216,Linear Regression
87500,87693.81111925858,Linear Regression
75000,75427.66395215005,Linear Regression
80000,80145.5227258102,Linear Regression
98461,98195.80719984983,Linear Regression
95000,95183.24319203984,Linear Regression
147150,146832.40414021906,Linear Regression
47500,47605.43871762943,Linear Regression
47500,47605.43871762943,Linear Regression
47500,47605.43871762943,Linear Regression
56500,56847.47108845541,Linear Regression
72800,73510.91371582034,Linear Regression
134000,133950.65379639593,Linear Regression
74381,74561.3248623455,Linear Regression
117500,117568.24365922101,Linear Regression
117500,117568.24365922101,Linear Regression
76105,65612.11370195381,Linear Regression
92232,92446.45081841222,Linear Regression
83832,83977.96579211089,Linear Regression
104520,104858.70365483525,Linear Regression
77500,77730.45643104374,Linear Regression
75149,66599.09935288028,Linear Regression
46293,44222.601971664,Linear Regression
87200,87472.77333726546,Linear Regression
95000,95230.69499979858,Linear Regression
66250,66629.1047850318,Linear Regression
54000,54380.364172380796,Linear Regression
100807,101202.45872063641,Linear Regression
65821,66136.18431638757,Linear Regression
81120,81396.10052716245,Linear Regression
81120,81396.10052716245,Linear Regression
135000,134779.45006279167,Linear Regression
81120,81408.75434256477,Linear Regression
93715,90317.72468684196,Linear Regression
56019,50341.369796382845,Linear Regression
70720,71213.80265848963,Linear Regression
166400,166039.94557591798,Linear Regression
110240,110765.62741056358,Linear Regression
65000,65300.0568114415,Linear Regression
46800,47836.31138280063,Linear Regression
70000,70218.81405085103,Linear Regression
44720,45089.173387965624,Linear Regression
83500,83691.41215795,Linear Regression
69200,69555.91078185056,Linear Regression
87500,87883.59494189468,Linear Regression
117500,117697.94526709494,Linear Regression
125000,125028.45313093388,Linear Regression
88400,88613.43887806167,Linear Regression
125000,124833.58032647244,Linear Regression
125000,124836.74378032301,Linear Regression
125000,124836.74378032301,Linear Regression
64948,65144.25612294588,Linear Regression
131100,131011.47509540078,Linear Regression
125000,124839.90723417359,Linear Regression
125000,124839.90723417359,Linear Regression
58240,58469.44238104084,Linear Regression
91941,92152.88075561721,Linear Regression
115000,115005.01622795685,Linear Regression
135200,134975.2732849917,Linear Regression
60000,60820.09744777497,Linear Regression
125000,124849.39759572534,Linear Regression
55000,55312.52219381634,Linear Regression
111000,111042.70951515538,Linear Regression
125000,124852.56104957593,Linear Regression
125000,124852.56104957593,Linear Regression
125000,124852.56104957593,Linear Regression
69721,69772.32531147098,Linear Regression
78000,78296.49473624515,Linear Regression
102059,102356.80135628716,Linear Regression
96500,96753.77813012023,Linear Regression
84725,84917.02848009621,Linear Regression
61764,51274.35432577182,Linear Regression
62000,62213.2620813997,Linear Regression
125000,124865.21486497826,Linear Regression
55282,55544.48351265333,Linear Regression
65670,65886.91939761548,Linear Regression
64478,64936.356481146955,Linear Regression
65000,65260.39688089258,Linear Regression
75000,75299.16442283352,Linear Regression
80000,80628.64971691012,Linear Regression
70000,70351.0833105681,Linear Regression
106000,106327.74468972592,Linear Regression
57096,57447.16427016313,Linear Regression
66375,66782.4089593646,Linear Regression
67500,67749.10799267299,Linear Regression
67500,67749.10799267299,Linear Regression
67500,67749.10799267299,Linear Regression
80750,81041.52533811038,Linear Regression
79000,79139.73673673585,Linear Regression
69000,69450.25232286961,Linear Regression
67500,67752.27144652356,Linear Regression
67600,68028.02504016868,Linear Regression
67500,67755.43490037415,Linear Regression
67500,67755.43490037415,Linear Regression
102500,103334.08326872493,Linear Regression
90000,90262.42782529672,Linear Regression
99750,99777.78522397712,Linear Regression
82500,82716.6097658642,Linear Regression
125008,124959.99027177964,Linear Regression
67350,67644.87294660062,Linear Regression
84725,84977.13410325728,Linear Regression
58500,58850.13132858148,Linear Regression
93600,93801.41476206138,Linear Regression
62400,62819.62882886677,Linear Regression
124800,124631.54261942771,Linear Regression
82250,82658.88461832785,Linear Regression
94800,95067.15535604455,Linear Regression
80000,80176.92374948277,Linear Regression
81944,82272.11864693413,Linear Regression
88400,88691.06086619946,Linear Regression
94800,95076.6457175963,Linear Regression
94800,95079.80917144688,Linear Regression
85000,85293.41600079107,Linear Regression
76179,76589.48208873143,Linear Regression
150800,150658.27501164866,Linear Regression
95000,95238.12723401673,Linear Regression
125000,124969.60884204751,Linear Regression
80000,80277.97393444485,Linear Regression
72120,72494.37529457614,Linear Regression
131100,131169.64778792992,Linear Regression
75000,75177.38167946675,Linear Regression
110472,110656.05430377428,Linear Regression
135200,135247.45129715218,Linear Regression
120425,120418.0953587897,Linear Regression
120425,120418.0953587897,Linear Regression
120425,120418.0953587897,Linear Regression
110000,110247.67786200439,Linear Regression
113100,113240.44719239918,Linear Regression
113100,113240.44719239918,Linear Regression
91520,91583.6017574281,Linear Regression
120425,120430.74917419202,Linear Regression
120425,120430.74917419202,Linear Regression
120425,120430.74917419202,Linear Regression
120000,119918.61028276061,Linear Regression
120425,120433.91262804261,Linear Regression
120425,120433.91262804261,Linear Regression
120425,120433.91262804261,Linear Regression
120425,120433.91262804261,Linear Regression
165750,165488.2737685745,Linear Regression
77500,77869.89032100585,Linear Regression
76960,77162.99396091168,Linear Regression
88400,88480.97789393153,Linear Regression
54600,55069.57156756352,Linear Regression
140847,141180.32387182614,Linear Regression
117500,117765.5336211217,Linear Regression
130000,129881.58191958485,Linear Regression
140400,140125.69076556768,Linear Regression
80000,80543.73419036616,Linear Regression
222000,221126.41947049354,Linear Regression
55321,53973.027453164585,Linear Regression
65000,65229.68733064711,Linear Regression
104500,104978.17823799659,Linear Regression
136950,136795.05082847635,Linear Regression
136950,136795.05082847635,Linear Regression
136950,136795.05082847635,Linear Regression
136950,136795.05082847635,Linear Regression
141440,141251.54486114247,Linear Regression
88400,88662.35565532908,Linear Regression
105040,104994.51404313752,Linear Regression
112320,112201.40755839575,Linear Regression
72800,73561.29546259642,Linear Regression
80807,81100.03329540978,Linear Regression
117500,117580.1239785418,Linear Regression
117520,117381.57879062057,Linear Regression
125000,124934.56113344688,Linear Regression
70392,70666.35949020188,Linear Regression
101067,101281.80207058144,Linear Regression
147992,147785.87282396885,Linear Regression
81120,81348.66131014859,Linear Regression
83200,83554.18643709888,Linear Regression
110000,109914.45534930032,Linear Regression
77500,77724.29526131085,Linear Regression
67000,67246.75956068882,Linear Regression
135013,134867.56130536573,Linear Regression
70543,67934.23259025058,Linear Regression
94640,95024.05440887976,Linear Regression
100000,100007.70556228167,Linear Regression
105005,105036.0211718412,Linear Regression
136950,136833.01227468334,Linear Regression
136950,136833.01227468334,Linear Regression
136950,136833.01227468334,Linear Regression
137500,137621.85435268344,Linear Regression
135200,135323.37418956618,Linear Regression
75000,75376.01734912704,Linear Regression
73632,73841.86626089273,Linear Regression
100000,100024.13903365571,Linear Regression
148000,148047.05327044832,Linear Regression
78000,78242.91109786533,Linear Regression
116480,116659.17910458092,Linear Regression
52769,52936.93948174109,Linear Regression
107500,108112.4763059662,Linear Regression
80000,80408.59949705761,Linear Regression
80000,80408.59949705761,Linear Regression
101400,101774.30738132035,Linear Regression
67500,67857.95005484489,Linear Regression
93500,93664.23218382453,Linear Regression
133600,133352.55348809584,Linear Regression
176100,176272.09323406292,Linear Regression
80000,80424.41676631053,Linear Regression
71580,72230.8955113715,Linear Regression
91390,91597.9126730537,Linear Regression
79898,80265.47404245463,Linear Regression
69200,69723.49242616312,Linear Regression
69200,69723.49242616312,Linear Regression
106250,106579.67359231647,Linear Regression
136950,136889.95444399383,Linear Regression
117500,117802.12252010382,Linear Regression
105005,105102.45370270345,Linear Regression
75600,76134.94185531147,Linear Regression
75600,76134.94185531147,Linear Regression
91250,91692.70693348754,Linear Regression
97500,97824.58813973317,Linear Regression
127500,127527.66622229654,Linear Regression
109000,109301.46266689281,Linear Regression
139868,139650.00699133167,Linear Regression
96750,96946.52843746734,Linear Regression
96750,96946.52843746734,Linear Regression
96750,96946.52843746734,Linear Regression
96750,96946.52843746734,Linear Regression
96750,96946.52843746734,Linear Regression
96750,96946.52843746734,Linear Regression
96750,96946.52843746734,Linear Regression
96750,96946.52843746734,Linear Regression
85840,86069.84876232341,Linear Regression
96750,96952.8553451685,Linear Regression
145650,145456.11938011934,Linear Regression
105850,106394.27650335293,Linear Regression
91229,91247.09045155659,Linear Regression
130149,130162.1491794125,Linear Regression
166400,166031.6866690416,Linear Regression
73757,74024.68485982098,Linear Regression
101250,101573.51156250038,Linear Regression
160000,159802.233166223,Linear Regression
122700,122946.63552624227,Linear Regression
96750,97006.6340606284,Linear Regression
115000,115079.17125804133,Linear Regression
96750,97009.79751447901,Linear Regression
96750,97009.79751447901,Linear Regression
96750,97009.79751447901,Linear Regression
96750,97022.45132988134,Linear Regression
96750,97022.45132988134,Linear Regression
96750,97022.45132988134,Linear Regression
96750,97022.45132988134,Linear Regression
130000,129999.868220359,Linear Regression
78500,78980.97613399832,Linear Regression
119300,119672.78329680867,Linear Regression
101287,101579.71326149156,Linear Regression
95300,95656.1470340824,Linear Regression
95300,95656.1470340824,Linear Regression
123700,123786.83876608772,Linear Regression
111370,111345.9396390386,Linear Regression
126000,125826.89641199521,Linear Regression
55560,55865.89112195971,Linear Regression
98050,98135.60126246688,Linear Regression
113901,113874.64753209436,Linear Regression
145000,144842.5232702416,Linear Regression
126000,125833.22331969638,Linear Regression
155200,155141.0495473545,Linear Regression
166400,166528.566555105,Linear Regression
208000,207180.05392596303,Linear Regression
43680,43871.236378955466,Linear Regression
128500,128756.04042333463,Linear Regression
130366,130515.18530620357,Linear Regression
123708,123628.80667427012,Linear Regression
105850,106264.25865356847,Linear Regression
111370,111382.2719788913,Linear Regression
111370,111382.2719788913,Linear Regression
111370,111382.2719788913,Linear Regression
111370,111382.2719788913,Linear Regression
114400,114406.18785152213,Linear Regression
125000,125003.71606539967,Linear Regression
125000,124785.46598290112,Linear Regression
125000,124785.46598290112,Linear Regression
111370,111394.92579429362,Linear Regression
83200,83378.93917363313,Linear Regression
113000,113252.47740627675,Linear Regression
135800,136089.1919185849,Linear Regression
136000,135981.77755797704,Linear Regression
110000,110094.71800868542,Linear Regression
127500,127941.93680333316,Linear Regression
90000,91233.39154951645,Linear Regression
113360,113396.24541156572,Linear Regression
110000,110107.37182408775,Linear Regression
141000,141226.51876094847,Linear Regression
156000,155857.90099708355,Linear Regression
165500,165160.84131929316,Linear Regression
111259,111353.95366942561,Linear Regression
133120,132929.28491195224,Linear Regression
136000,135762.96638034718,Linear Regression
82500,82894.33271324582,Linear Regression
192400,191809.5722075874,Linear Regression
115300,115613.92912376697,Linear Regression
111280,111256.09268190815,Linear Regression
86091,86435.97079057095,Linear Regression
90480,90899.01659253948,Linear Regression
113000,113341.05411409309,Linear Regression
93670,94097.44157201539,Linear Regression
116000,116061.78172874793,Linear Regression
167000,167327.93421277354,Linear Regression
167000,167327.93421277354,Linear Regression
140400,140415.11276255667,Linear Regression
109100,109418.44854745432,Linear Regression
165000,165561.77004031712,Linear Regression
126000,125988.23255837496,Linear Regression
119621,120947.84537547953,Linear Regression
124800,124715.82692080048,Linear Regression
88660,88815.8097708919,Linear Regression
135200,135422.0107906832,Linear Regression
167512,167206.13104228754,Linear Regression
157200,157137.24720188483,Linear Regression
177900,177736.29094758918,Linear Regression
117937,117930.98668071911,Linear Regression
171974,171659.92918328152,Linear Regression
121850,122250.43731966379,Linear Regression
135720,135748.150217592,Linear Regression
177900,177752.1082168421,Linear Regression
119600,119527.32021945149,Linear Regression
135720,135760.80403299432,Linear Regression
135200,135095.01750164738,Linear Regression
126000,126154.28687790401,Linear Regression
171600,171315.98125843855,Linear Regression
127900,128371.00603719924,Linear Regression
127900,128374.16949104982,Linear Regression
150800,150710.86637793714,Linear Regression
111530,111604.58597462367,Linear Regression
111530,111604.58597462367,Linear Regression
135200,135441.73616379045,Linear Regression
182000,181427.38212591538,Linear Regression
185150,185329.48992884025,Linear Regression
105000,105399.07114355937,Linear Regression
132744,133107.085678244,Linear Regression
104000,104137.4846406124,Linear Regression
104000,104140.64809446299,Linear Regression
145600,145434.33915143108,Linear Regression
119600,119557.25627361539,Linear Regression
86644,86837.5370764741,Linear Regression
105000,105452.84985901929,Linear Regression
86644,86847.02743802583,Linear Regression
86644,86847.02743802583,Linear Regression
187200,186767.73461209238,Linear Regression
92814,92953.5890407933,Linear Regression
161200,160926.555482216,Linear Regression
141750,141819.69671227297,Linear Regression
159120,158709.6640389972,Linear Regression
123850,123949.77117149891,Linear Regression
123850,123949.77117149891,Linear Regression
123850,123949.77117149891,Linear Regression
123850,123949.77117149891,Linear Regression
123850,123949.77117149891,Linear Regression
181900,181949.5929425577,Linear Regression
166400,166100.81562408796,Linear Regression
123850,123990.8960715565,Linear Regression
156000,155780.7080284209,Linear Regression
121680,121608.55495176587,Linear Regression
166367,166519.57453734084,Linear Regression
171600,171230.99641256602,Linear Regression
140400,140265.8806748355,Linear Regression
145600,145764.6909713976,Linear Regression
125675,125866.34265633368,Linear Regression
133700,133834.63193400585,Linear Regression
125675,125878.99647173601,Linear Regression
123850,124074.77497802598,Linear Regression
123850,124081.10188572716,Linear Regression
123850,124081.10188572716,Linear Regression
123850,124081.10188572716,Linear Regression
123850,124081.10188572716,Linear Regression
123850,124081.10188572716,Linear Regression
123850,124081.10188572716,Linear Regression
123850,124081.10188572716,Linear Regression
123850,124090.5922472789,Linear Regression
166367,166592.33397590427,Linear Regression
156000,156069.42362933917,Linear Regression
152515,152833.40235726023,Linear Regression
152515,152833.40235726023,Linear Regression
145000,144925.77101019895,Linear Regression
147500,147437.1662801817,Linear Regression
152515,152836.5658111108,Linear Regression
145000,144938.42482560125,Linear Regression
172000,171926.32649237916,Linear Regression
211300,210597.36400992548,Linear Regression
168904,168719.12907192486,Linear Regression
182000,181654.7531514785,Linear Regression
171550,171682.32396238908,Linear Regression
240100,239987.23631959627,Linear Regression
75550,61885.03269838614,Polynomial Regression
83200,95526.89072117613,Polynomial Regression
59280,63861.787647191806,Polynomial Regression
75550,62027.35129401254,Polynomial Regression
75556,62115.13126178363,Polynomial Regression
65000,67585.42881607513,Polynomial Regression
70987,64549.25557049272,Polynomial Regression
74281,70068.30113228169,Polynomial Regression
96300,95062.60373578881,Polynomial Regression
82249,78684.45105998899,Polynomial Regression
61360,68396.74792393814,Polynomial Regression
92500,82022.9869429656,Polynomial Regression
87500,85488.35376513637,Polynomial Regression
75000,70431.18689961944,Polynomial Regression
80000,87031.21584701935,Polynomial Regression
98461,74182.57781923693,Polynomial Regression
95000,90975.27930751018,Polynomial Regression
147150,148433.9184877121,Polynomial Regression
47500,49174.8793910572,Polynomial Regression
47500,49174.8793910572,Polynomial Regression
47500,49174.8793910572,Polynomial Regression
56500,59648.924231620695,Polynomial Regression
72800,77614.07973420304,Polynomial Regression
134000,119773.66337236144,Polynomial Regression
74381,77624.920756004,Polynomial Regression
117500,109691.74791418099,Polynomial Regression
117500,109691.74791418099,Polynomial Regression
76105,63484.725040112025,Polynomial Regression
92232,83601.27591248082,Polynomial Regression
83832,84188.29841348052,Polynomial Regression
104520,78863.5213691439,Polynomial Regression
77500,75884.91827437312,Polynomial Regression
75149,67518.51608561072,Polynomial Regression
46293,46323.61931698024,Polynomial Regression
87200,81035.30581147429,Polynomial Regression
95000,91508.97404110919,Polynomial Regression
66250,64266.62715687955,Polynomial Regression
54000,60147.03931631311,Polynomial Regression
100807,75421.435007616,Polynomial Regression
65821,69637.93343015392,Polynomial Regression
81120,86272.46853242806,Polynomial Regression
81120,86272.46853242806,Polynomial Regression
135000,136005.74327567042,Polynomial Regression
81120,86414.78712805446,Polynomial Regression
93715,87301.22285914204,Polynomial Regression
56019,54522.045201766494,Polynomial Regression
70720,67244.25927006347,Polynomial Regression
166400,167187.17760374417,Polynomial Regression
110240,106120.25463898016,Polynomial Regression
65000,71529.9773489259,Polynomial Regression
46800,51792.91869174444,Polynomial Regression
70000,80941.5811256212,Polynomial Regression
44720,45764.238835196586,Polynomial Regression
83500,90370.91034845791,Polynomial Regression
69200,76967.39982956804,Polynomial Regression
87500,77094.62633719757,Polynomial Regression
117500,111150.51351935163,Polynomial Regression
125000,110265.58834826894,Polynomial Regression
88400,92288.12959633263,Polynomial Regression
125000,124098.42120037101,Polynomial Regression
125000,124134.00084927761,Polynomial Regression
125000,124134.00084927761,Polynomial Regression
64948,77645.36454256144,Polynomial Regression
131100,122816.65200589944,Polynomial Regression
125000,124169.58049818421,Polynomial Regression
125000,124169.58049818421,Polynomial Regression
58240,75348.89911266296,Polynomial Regression
91941,86518.09195363174,Polynomial Regression
115000,110514.64589061514,Polynomial Regression
135200,133289.77121751648,Polynomial Regression
60000,68645.38954478575,Polynomial Regression
125000,124276.31944490402,Polynomial Regression
55000,64292.813134755634,Polynomial Regression
111000,104376.26876273844,Polynomial Regression
125000,124311.89909381061,Polynomial Regression
125000,124311.89909381061,Polynomial Regression
125000,124311.89909381061,Polynomial Regression
69721,62622.59597485219,Polynomial Regression
78000,75902.65203640469,Polynomial Regression
102059,84250.84520803262,Polynomial Regression
96500,85690.37990049673,Polynomial Regression
84725,86312.73165336446,Polynomial Regression
61764,43273.12327536351,Polynomial Regression
62000,75515.5783689768,Polynomial Regression
125000,124454.21768943702,Polynomial Regression
55282,54687.4144755324,Polynomial Regression
65670,79099.97198995476,Polynomial Regression
64478,62416.901773063015,Polynomial Regression
65000,73775.57620926415,Polynomial Regression
75000,76319.27145155186,Polynomial Regression
80000,90930.58813431037,Polynomial Regression
70000,68763.5135142818,Polynomial Regression
106000,91553.73562430438,Polynomial Regression
57096,66584.2354742087,Polynomial Regression
66375,65788.7816252207,Polynomial Regression
67500,78659.21196383289,Polynomial Regression
67500,78659.21196383289,Polynomial Regression
67500,78659.21196383289,Polynomial Regression
80750,80044.26779365724,Polynomial Regression
79000,91162.66062749158,Polynomial Regression
69000,61949.657261986154,Polynomial Regression
67500,78694.79161273949,Polynomial Regression
67600,73758.03541866044,Polynomial Regression
67500,78730.3712616461,Polynomial Regression
67500,78730.3712616461,Polynomial Regression
102500,84680.47215523638,Polynomial Regression
90000,94661.78957025385,Polynomial Regression
99750,106413.76241199161,Polynomial Regression
82500,88106.39538943481,Polynomial Regression
125008,131710.7376100486,Polynomial Regression
67350,77594.37297416796,Polynomial Regression
84725,86988.74498258988,Polynomial Regression
58500,68769.04762356578,Polynomial Regression
93600,100842.3383756153,Polynomial Regression
62400,67082.35055890112,Polynomial Regression
124800,134303.7268330427,Polynomial Regression
82250,84008.29871853831,Polynomial Regression
94800,91324.64059347114,Polynomial Regression
80000,93079.04464458197,Polynomial Regression
81944,82392.44542954171,Polynomial Regression
88400,87832.60092898062,Polynomial Regression
94800,91431.37954019093,Polynomial Regression
94800,91466.95918909754,Polynomial Regression
85000,95266.64360166607,Polynomial Regression
76179,75698.18821437069,Polynomial Regression
150800,151276.33297824144,Polynomial Regression
95000,104713.82702726798,Polynomial Regression
125000,125628.34610335485,Polynomial Regression
80000,88924.72731428663,Polynomial Regression
72120,77549.5440635856,Polynomial Regression
131100,124595.63445122949,Polynomial Regression
75000,85139.16092728401,Polynomial Regression
110472,99418.5521008389,Polynomial Regression
135200,116569.33938554245,Polynomial Regression
120425,115886.53674404683,Polynomial Regression
120425,115886.53674404683,Polynomial Regression
120425,115886.53674404683,Polynomial Regression
110000,101141.73853370498,Polynomial Regression
113100,100742.15489511716,Polynomial Regression
113100,100742.15489511716,Polynomial Regression
91520,101382.35162455738,Polynomial Regression
120425,116028.85533967325,Polynomial Regression
120425,116028.85533967325,Polynomial Regression
120425,116028.85533967325,Polynomial Regression
120000,128825.1296840505,Polynomial Regression
120425,116064.43498857984,Polynomial Regression
120425,116064.43498857984,Polynomial Regression
120425,116064.43498857984,Polynomial Regression
120425,116064.43498857984,Polynomial Regression
165750,152832.21504965462,Polynomial Regression
77500,73419.98092672584,Polynomial Regression
76960,86088.62491685251,Polynomial Regression
88400,97487.82502812988,Polynomial Regression
54600,66267.13540492782,Polynomial Regression
140847,145291.8585094974,Polynomial Regression
117500,98122.87047286991,Polynomial Regression
130000,138325.6182047004,Polynomial Regression
140400,145698.71748604823,Polynomial Regression
80000,70031.77691560595,Polynomial Regression
222000,220842.269306674,Polynomial Regression
55321,59749.59941679065,Polynomial Regression
65000,80949.26394808208,Polynomial Regression
104500,81946.70936346236,Polynomial Regression
136950,133914.19660196675,Polynomial Regression
136950,133914.19660196675,Polynomial Regression
136950,133914.19660196675,Polynomial Regression
136950,133914.19660196675,Polynomial Regression
141440,140008.0445317922,Polynomial Regression
88400,95218.61526090062,Polynomial Regression
105040,114471.06734119829,Polynomial Regression
112320,124678.73817518071,Polynomial Regression
72800,83252.6996948951,Polynomial Regression
80807,82496.4609578192,Polynomial Regression
117500,120036.10538490879,Polynomial Regression
117520,128591.11897437343,Polynomial Regression
125000,125913.00056993525,Polynomial Regression
70392,80836.30046835197,Polynomial Regression
101067,94178.27222359629,Polynomial Regression
147992,151337.69416542433,Polynomial Regression
81120,88365.03215660829,Polynomial Regression
83200,87714.07050267459,Polynomial Regression
110000,122714.41673625205,Polynomial Regression
77500,85690.70986364824,Polynomial Regression
67000,84628.10866369246,Polynomial Regression
135013,143221.38653308476,Polynomial Regression
70543,67401.19704385665,Polynomial Regression
94640,82816.67779797861,Polynomial Regression
100000,113694.18909752935,Polynomial Regression
105005,113694.18909752935,Polynomial Regression
136950,134341.15238884595,Polynomial Regression
136950,134341.15238884595,Polynomial Regression
136950,134341.15238884595,Polynomial Regression
137500,126358.23082097371,Polynomial Regression
135200,117423.25095930089,Polynomial Regression
75000,83368.195001371,Polynomial Regression
73632,89417.913648137,Polynomial Regression
100000,111051.03669028851,Polynomial Regression
148000,128077.59197019413,Polynomial Regression
78000,88685.2489967677,Polynomial Regression
116480,121572.65889358647,Polynomial Regression
52769,56618.78722736216,Polynomial Regression
107500,72908.92866313428,Polynomial Regression
80000,76901.68556450654,Polynomial Regression
80000,76901.68556450654,Polynomial Regression
101400,87058.76164988507,Polynomial Regression
67500,76972.84486231975,Polynomial Regression
93500,99009.27374664809,Polynomial Regression
133600,144808.45318617308,Polynomial Regression
176100,138277.33698275103,Polynomial Regression
80000,77079.58380903956,Polynomial Regression
71580,66678.00840878912,Polynomial Regression
91390,99435.48756860437,Polynomial Regression
79898,83385.95218048422,Polynomial Regression
69200,76177.70442549326,Polynomial Regression
69200,76177.70442549326,Polynomial Regression
106250,95831.63206461696,Polynomial Regression
136950,134981.58606916477,Polynomial Regression
117500,102546.64958239961,Polynomial Regression
105005,114441.36172456798,Polynomial Regression
75600,70929.4309105751,Polynomial Regression
75600,70929.4309105751,Polynomial Regression
91250,85588.75918417069,Polynomial Regression
97500,96223.00820258957,Polynomial Regression
127500,131970.76473842183,Polynomial Regression
109000,89717.70898678176,Polynomial Regression
139868,149362.84234788426,Polynomial Regression
96750,96572.67899726797,Polynomial Regression
96750,96572.67899726797,Polynomial Regression
96750,96572.67899726797,Polynomial Regression
96750,96572.67899726797,Polynomial Regression
96750,96572.67899726797,Polynomial Regression
96750,96572.67899726797,Polynomial Regression
96750,96572.67899726797,Polynomial Regression
96750,96572.67899726797,Polynomial Regression
85840,88714.1226158832,Polynomial Regression
96750,96643.83829508118,Polynomial Regression
145650,144382.0958963603,Polynomial Regression
105850,82104.02834755334,Polynomial Regression
91229,107200.49265915652,Polynomial Regression
130149,131595.76662939007,Polynomial Regression
166400,174235.23180102473,Polynomial Regression
73757,84691.8493846814,Polynomial Regression
101250,90045.55185222911,Polynomial Regression
160000,159127.53437718513,Polynomial Regression
122700,104059.60650360739,Polynomial Regression
96750,97248.6923264934,Polynomial Regression
115000,119387.32208114045,Polynomial Regression
96750,97284.2719754,Polynomial Regression
96750,97284.2719754,Polynomial Regression
96750,97284.2719754,Polynomial Regression
96750,97426.59057102639,Polynomial Regression
96750,97426.59057102639,Polynomial Regression
96750,97426.59057102639,Polynomial Regression
96750,97426.59057102639,Polynomial Regression
130000,136374.56572359375,Polynomial Regression
78500,77745.24605530022,Polynomial Regression
119300,101525.85081326212,Polynomial Regression
101287,101966.35833236181,Polynomial Regression
95300,97172.45748092535,Polynomial Regression
95300,97172.45748092535,Polynomial Regression
123700,116095.3204039648,Polynomial Regression
111370,122646.10004709986,Polynomial Regression
126000,135469.73174858632,Polynomial Regression
55560,76127.77734110021,Polynomial Regression
98050,108020.9962491888,Polynomial Regression
113901,120193.98088406137,Polynomial Regression
145000,151525.61445005526,Polynomial Regression
126000,135540.8910463995,Polynomial Regression
155200,139506.57694064023,Polynomial Regression
166400,137561.54133898177,Polynomial Regression
208000,216957.54377119557,Polynomial Regression
43680,57685.405327557586,Polynomial Regression
128500,104402.12564550411,Polynomial Regression
130366,117404.7365148068,Polynomial Regression
123708,130565.63963906301,Polynomial Regression
105850,86556.44389955542,Polynomial Regression
111370,119465.37041618188,Polynomial Regression
111370,119465.37041618188,Polynomial Regression
111370,119465.37041618188,Polynomial Regression
111370,119465.37041618188,Polynomial Regression
114400,120998.16553452081,Polynomial Regression
125000,133200.52198135704,Polynomial Regression
125000,143783.15467641925,Polynomial Regression
125000,143783.15467641925,Polynomial Regression
111370,119607.68901180828,Polynomial Regression
83200,98128.7347707767,Polynomial Regression
113000,111217.52694870051,Polynomial Regression
135800,108054.5643306063,Polynomial Regression
136000,138320.4897366081,Polynomial Regression
110000,112848.00335396636,Polynomial Regression
127500,94540.63633140954,Polynomial Regression
90000,112706.21789297168,Polynomial Regression
113360,121389.54167249343,Polynomial Regression
110000,112990.32194959276,Polynomial Regression
141000,116715.93149999726,Polynomial Regression
156000,157212.45883552378,Polynomial Regression
165500,170577.23853529984,Polynomial Regression
111259,118921.6710098242,Polynomial Regression
133120,146588.8135276651,Polynomial Regression
136000,151168.7314716176,Polynomial Regression
82500,92307.1349697107,Polynomial Regression
192400,198480.88344519518,Polynomial Regression
115300,104308.03659717085,Polynomial Regression
111280,128963.04174115515,Polynomial Regression
86091,68555.23682248357,Polynomial Regression
90480,89450.75188889954,Polynomial Regression
113000,112213.75711808534,Polynomial Regression
93670,91318.41824581825,Polynomial Regression
116000,127890.41551226903,Polynomial Regression
167000,131565.63553197638,Polynomial Regression
167000,131565.63553197638,Polynomial Regression
140400,148623.3606976012,Polynomial Regression
109100,107089.3347877293,Polynomial Regression
165000,116263.03582001629,Polynomial Regression
126000,137284.29384282295,Polynomial Regression
119621,116469.03712130514,Polynomial Regression
124800,138899.83778162432,Polynomial Regression
88660,104103.29377226743,Polynomial Regression
135200,119800.46922144653,Polynomial Regression
167512,173874.70492707245,Polynomial Regression
157200,146089.99572799375,Polynomial Regression
177900,161416.5917381611,Polynomial Regression
117937,126749.73008269179,Polynomial Regression
171974,178269.26445069065,Polynomial Regression
121850,97608.7067562875,Polynomial Regression
135720,139451.25796136472,Polynomial Regression
177900,161594.4899826941,Polynomial Regression
119600,135885.14343471016,Polynomial Regression
135720,139593.57655699115,Polynomial Regression
135200,142289.7421110996,Polynomial Regression
126000,123718.68004894204,Polynomial Regression
171600,178272.70331589773,Polynomial Regression
127900,99044.59428559433,Polynomial Regression
127900,99080.17393450093,Polynomial Regression
150800,159368.95844639436,Polynomial Regression
111530,101292.24602318332,Polynomial Regression
111530,101292.24602318332,Polynomial Regression
135200,121005.1917868432,Polynomial Regression
182000,194227.92763887244,Polynomial Regression
185150,138506.3277649169,Polynomial Regression
105000,92502.38222227423,Polynomial Regression
132744,107951.74365196965,Polynomial Regression
104000,121432.14757372241,Polynomial Regression
104000,121467.72722262902,Polynomial Regression
145600,153061.93878103845,Polynomial Regression
119600,137356.77774521828,Polynomial Regression
86644,82736.41828326018,Polynomial Regression
105000,93107.23625368644,Polynomial Regression
86644,82843.15722997997,Polynomial Regression
86644,82843.15722997997,Polynomial Regression
187200,198950.4451333034,Polynomial Regression
92814,98780.72849811745,Polynomial Regression
161200,169878.388862046,Polynomial Regression
141750,137169.89352068302,Polynomial Regression
159120,176039.79248170144,Polynomial Regression
123850,122854.73438148062,Polynomial Regression
123850,122854.73438148062,Polynomial Regression
123850,122854.73438148062,Polynomial Regression
123850,122854.73438148062,Polynomial Regression
123850,122854.73438148062,Polynomial Regression
181900,150839.4024041863,Polynomial Regression
166400,180175.18139086163,Polynomial Regression
123850,123317.26981726642,Polynomial Regression
156000,163754.12418202707,Polynomial Regression
121680,142304.98509690282,Polynomial Regression
166367,143315.94498606716,Polynomial Regression
171600,183280.44852908407,Polynomial Regression
140400,154506.86691764428,Polynomial Regression
145600,142438.97970629184,Polynomial Regression
125675,125378.3389763162,Polynomial Regression
133700,134902.3718008075,Polynomial Regression
125675,125520.65757194259,Polynomial Regression
123850,127850.02610663525,Polynomial Regression
123850,127921.18540444845,Polynomial Regression
123850,127921.18540444845,Polynomial Regression
123850,127921.18540444845,Polynomial Regression
123850,127921.18540444845,Polynomial Regression
123850,127921.18540444845,Polynomial Regression
123850,127921.18540444845,Polynomial Regression
123850,127921.18540444845,Polynomial Regression
123850,128027.92435116826,Polynomial Regression
166367,144134.27691091897,Polynomial Regression
156000,145503.7032020472,Polynomial Regression
152515,118699.71902037832,Polynomial Regression
152515,118699.71902037832,Polynomial Regression
145000,156579.89654978173,Polynomial Regression
147500,156579.89654978173,Polynomial Regression
152515,118735.29866928492,Polynomial Regression
145000,156722.21514540812,Polynomial Regression
172000,160560.91924724862,Polynomial Regression
211300,229307.0677946516,Polynomial Regression
168904,175404.9397132009,Polynomial Regression
182000,194732.58951355948,Polynomial Regression
171550,164882.2086702419,Polynomial Regression
240100,195098.01139045064,Polynomial Regression
75550,76255.01984945554,Random Forest
83200,82317.99158293358,Random Forest
59280,60582.938543066375,Random Forest
75550,76203.42759515603,Random Forest
75556,76233.3969192721,Random Forest
65000,68113.04169141513,Random Forest
70987,72749.90365318007,Random Forest
74281,73419.19628544475,Random Forest
96300,93539.65278194073,Random Forest
82249,81988.6341948114,Random Forest
61360,62546.611747671544,Random Forest
92500,89937.66342253,Random Forest
87500,86855.29791167198,Random Forest
75000,75079.73132669604,Random Forest
80000,77377.32103313482,Random Forest
98461,99439.13108849563,Random Forest
95000,94833.25237174233,Random Forest
147150,144933.28927111553,Random Forest
47500,47384.98299348638,Random Forest
47500,47384.98299348638,Random Forest
47500,47384.98299348638,Random Forest
56500,56840.19987339952,Random Forest
72800,73581.83405701158,Random Forest
134000,132367.87375583436,Random Forest
74381,77215.63636844857,Random Forest
117500,117426.49458710018,Random Forest
117500,117426.49458710018,Random Forest
76105,67294.66230757447,Random Forest
92232,91285.98051697029,Random Forest
83832,82911.75632844784,Random Forest
104520,106586.64658790077,Random Forest
77500,78491.6311151209,Random Forest
75149,67825.00476214763,Random Forest
46293,44831.24143172364,Random Forest
87200,89124.28881243443,Random Forest
95000,94954.01885525878,Random Forest
66250,67269.1917869511,Random Forest
54000,53378.72394896378,Random Forest
100807,102747.26118971893,Random Forest
65821,68874.25931153684,Random Forest
81120,81567.44466296933,Random Forest
81120,81567.44466296933,Random Forest
135000,133532.8071952409,Random Forest
81120,81779.91511696338,Random Forest
93715,90711.20597043482,Random Forest
56019,51581.18118048024,Random Forest
70720,72722.07485129267,Random Forest
166400,167954.18083673014,Random Forest
110240,108780.01718088663,Random Forest
65000,68001.21554476464,Random Forest
46800,45381.873723964505,Random Forest
70000,72491.98165635746,Random Forest
44720,43824.99385631908,Random Forest
83500,82853.07920398943,Random Forest
69200,69541.22795883444,Random Forest
87500,85665.33862035781,Random Forest
117500,117022.02990847267,Random Forest
125000,125495.92907789265,Random Forest
88400,88883.20551729573,Random Forest
125000,124183.84782930059,Random Forest
125000,124183.84782930059,Random Forest
125000,124183.84782930059,Random Forest
64948,63796.09018135447,Random Forest
131100,128728.58680264346,Random Forest
125000,124183.84782930059,Random Forest
125000,124183.84782930059,Random Forest
58240,59997.38135717489,Random Forest
91941,91350.94233922294,Random Forest
115000,116992.27137702105,Random Forest
135200,133409.050913255,Random Forest
60000,59764.128035898364,Random Forest
125000,124172.14616106292,Random Forest
55000,56478.026834973745,Random Forest
111000,108323.9245421366,Random Forest
125000,124135.67069975298,Random Forest
125000,124135.67069975298,Random Forest
125000,124135.67069975298,Random Forest
69721,68486.82026064424,Random Forest
78000,78877.8077607009,Random Forest
102059,103343.40022582472,Random Forest
96500,98874.24467372743,Random Forest
84725,84381.42093228716,Random Forest
61764,56232.489729828296,Random Forest
62000,64156.91642774396,Random Forest
125000,123838.25132475907,Random Forest
55282,55244.509820237225,Random Forest
65670,68831.22551068127,Random Forest
64478,67317.28546796384,Random Forest
65000,68281.4411816294,Random Forest
75000,73224.28502432289,Random Forest
80000,80361.9140838627,Random Forest
70000,68782.2058339383,Random Forest
106000,104698.54114136912,Random Forest
57096,58949.05109663557,Random Forest
66375,69710.27269128959,Random Forest
67500,68269.07486179905,Random Forest
67500,68269.07486179905,Random Forest
67500,68269.07486179905,Random Forest
80750,82466.07178772692,Random Forest
79000,80378.75175437405,Random Forest
69000,74964.5118170098,Random Forest
67500,68269.07486179905,Random Forest
67600,68452.50174058267,Random Forest
67500,68269.07486179905,Random Forest
67500,68269.07486179905,Random Forest
102500,105496.14625586175,Random Forest
90000,89793.88487441857,Random Forest
99750,96719.54112567999,Random Forest
82500,84007.64965899326,Random Forest
125008,123027.8757890796,Random Forest
67350,68751.7526192257,Random Forest
84725,84540.068396466,Random Forest
58500,60857.284756813526,Random Forest
93600,92178.8594826752,Random Forest
62400,65399.90940373992,Random Forest
124800,122891.79498095006,Random Forest
82250,82915.53038517774,Random Forest
94800,94599.64213236216,Random Forest
80000,77687.45443590159,Random Forest
81944,83041.63099002848,Random Forest
88400,90098.52192119311,Random Forest
94800,94589.75264706806,Random Forest
94800,94589.75264706806,Random Forest
85000,83517.54443606148,Random Forest
76179,77894.39126588829,Random Forest
150800,145434.5636001732,Random Forest
95000,92204.70412251241,Random Forest
125000,124153.7774837175,Random Forest
80000,80362.52608301063,Random Forest
72120,73272.74027267638,Random Forest
131100,129034.7392289841,Random Forest
75000,73493.8634870882,Random Forest
110472,112121.46762644425,Random Forest
135200,140844.36026310993,Random Forest
120425,120883.96681596927,Random Forest
120425,120883.96681596927,Random Forest
120425,120883.96681596927,Random Forest
110000,109175.07100463803,Random Forest
113100,113586.54181934307,Random Forest
113100,113586.54181934307,Random Forest
91520,92184.54106686097,Random Forest
120425,120887.44975776822,Random Forest
120425,120887.44975776822,Random Forest
120425,120887.44975776822,Random Forest
120000,120609.0697193981,Random Forest
120425,120850.39553000673,Random Forest
120425,120850.39553000673,Random Forest
120425,120850.39553000673,Random Forest
120425,120850.39553000673,Random Forest
165750,165987.01198488745,Random Forest
77500,79759.85235502968,Random Forest
76960,76601.67829194147,Random Forest
88400,89078.29515034135,Random Forest
54600,57015.476094757905,Random Forest
140847,142227.925994939,Random Forest
117500,114968.11439829678,Random Forest
130000,131962.93551945323,Random Forest
140400,140139.67424998002,Random Forest
80000,81521.67375630853,Random Forest
222000,192709.96697236385,Random Forest
55321,57477.05570162952,Random Forest
65000,64977.186199465934,Random Forest
104500,108533.54192081525,Random Forest
136950,136573.8034196594,Random Forest
136950,136573.8034196594,Random Forest
136950,136573.8034196594,Random Forest
136950,136573.8034196594,Random Forest
141440,141635.99733063395,Random Forest
88400,89936.97194492524,Random Forest
105040,104329.62551840208,Random Forest
112320,108080.3765200985,Random Forest
72800,74079.96811441738,Random Forest
80807,82299.25610175334,Random Forest
117500,118444.10410845619,Random Forest
117520,111144.2019100055,Random Forest
125000,124159.01256961584,Random Forest
70392,70204.76925594882,Random Forest
101067,101641.38683936167,Random Forest
147992,143834.80236313096,Random Forest
81120,79393.94271915946,Random Forest
83200,84135.41810675293,Random Forest
110000,106379.44869833419,Random Forest
77500,77849.16607890466,Random Forest
67000,65739.51332787942,Random Forest
135013,135889.45340096203,Random Forest
70543,70420.19174980988,Random Forest
94640,98009.71926599792,Random Forest
100000,101800.95700664267,Random Forest
105005,104411.98193387696,Random Forest
136950,136747.01444007427,Random Forest
136950,136747.01444007427,Random Forest
136950,136747.01444007427,Random Forest
137500,134626.6281088763,Random Forest
135200,140503.60241801757,Random Forest
75000,74200.33566119906,Random Forest
73632,74637.16577219982,Random Forest
100000,98175.58187706055,Random Forest
148000,146075.50957910722,Random Forest
78000,78819.5669966194,Random Forest
116480,111827.29243155819,Random Forest
52769,54218.88747592564,Random Forest
107500,109404.16276300159,Random Forest
80000,80490.7579504127,Random Forest
80000,80490.7579504127,Random Forest
101400,105956.72629686436,Random Forest
67500,69736.47138812991,Random Forest
93500,94280.48143039146,Random Forest
133600,130474.51901729197,Random Forest
176100,173124.83907604255,Random Forest
80000,80580.64511016652,Random Forest
71580,76795.2082557336,Random Forest
91390,92391.07270202106,Random Forest
79898,81532.1639438191,Random Forest
69200,70341.85693144776,Random Forest
69200,70341.85693144776,Random Forest
106250,106864.48058820341,Random Forest
136950,136604.9212458058,Random Forest
117500,116213.54580606312,Random Forest
105005,104209.06199906589,Random Forest
75600,79933.92548356015,Random Forest
75600,79933.92548356015,Random Forest
91250,88014.73918198966,Random Forest
97500,96539.23485171607,Random Forest
127500,127727.77236374951,Random Forest
109000,111006.0002961142,Random Forest
139868,139878.77834767528,Random Forest
96750,96447.55628422085,Random Forest
96750,96447.55628422085,Random Forest
96750,96447.55628422085,Random Forest
96750,96447.55628422085,Random Forest
96750,96447.55628422085,Random Forest
96750,96447.55628422085,Random Forest
96750,96447.55628422085,Random Forest
96750,96447.55628422085,Random Forest
85840,88495.48951792163,Random Forest
96750,96392.34262688503,Random Forest
145650,146274.04584251242,Random Forest
105850,111435.52996608888,Random Forest
91229,92204.21041210898,Random Forest
130149,131312.71039637775,Random Forest
166400,171616.69737720597,Random Forest
73757,77329.85468928008,Random Forest
101250,103104.98670089016,Random Forest
160000,157996.29169574368,Random Forest
122700,117267.03634702376,Random Forest
96750,96262.30683964795,Random Forest
115000,118617.74764194194,Random Forest
96750,96260.36404389709,Random Forest
96750,96260.36404389709,Random Forest
96750,96260.36404389709,Random Forest
96750,96279.1076055736,Random Forest
96750,96279.1076055736,Random Forest
96750,96279.1076055736,Random Forest
96750,96279.1076055736,Random Forest
130000,131014.45058642176,Random Forest
78500,82922.63499236616,Random Forest
119300,115314.04236140814,Random Forest
101287,99138.20980284181,Random Forest
95300,96062.964743689,Random Forest
95300,96062.964743689,Random Forest
123700,123119.34859824821,Random Forest
111370,115523.45095126609,Random Forest
126000,124331.27500941024,Random Forest
55560,63721.24111461943,Random Forest
98050,99624.4927347438,Random Forest
113901,117458.87869816428,Random Forest
145000,143561.24768446022,Random Forest
126000,124352.1949620246,Random Forest
155200,152041.98240977374,Random Forest
166400,162192.37969974402,Random Forest
208000,175683.47034628238,Random Forest
43680,56942.663272820384,Random Forest
128500,129950.2167974508,Random Forest
130366,129583.05712004365,Random Forest
123708,121368.90576575862,Random Forest
105850,108859.53861618383,Random Forest
111370,113240.35145569073,Random Forest
111370,113240.35145569073,Random Forest
111370,113240.35145569073,Random Forest
111370,113240.35145569073,Random Forest
114400,116459.29920941802,Random Forest
125000,124828.196369418,Random Forest
125000,126600.79187748222,Random Forest
125000,126600.79187748222,Random Forest
111370,113314.94700017571,Random Forest
83200,85460.26065127923,Random Forest
113000,118068.29610214148,Random Forest
135800,133436.10753275105,Random Forest
136000,136200.30218517742,Random Forest
110000,108893.7135398385,Random Forest
127500,130926.83167851497,Random Forest
90000,91609.7021557298,Random Forest
113360,116257.23347504351,Random Forest
110000,108926.26511970808,Random Forest
141000,140334.9397406988,Random Forest
156000,160468.3915487747,Random Forest
165500,159562.56074290292,Random Forest
111259,115311.42688460216,Random Forest
133120,133285.01104449155,Random Forest
136000,136729.80448957044,Random Forest
82500,86563.14171247646,Random Forest
192400,179835.8238954593,Random Forest
115300,113768.79733729265,Random Forest
111280,111715.17602131277,Random Forest
86091,90350.32303225918,Random Forest
90480,93468.1256109004,Random Forest
113000,117646.27305319774,Random Forest
93670,95914.30041627963,Random Forest
116000,117847.49097096127,Random Forest
167000,166806.01255139586,Random Forest
167000,166806.01255139586,Random Forest
140400,142672.50491022994,Random Forest
109100,111426.1420845424,Random Forest
165000,156724.07397847576,Random Forest
126000,125865.19311765624,Random Forest
119621,124081.4141013575,Random Forest
124800,126462.1682874245,Random Forest
88660,94018.08258957497,Random Forest
135200,143926.33477638316,Random Forest
167512,169623.61641964383,Random Forest
157200,160028.5424568901,Random Forest
177900,174950.65573923758,Random Forest
117937,119393.88724955841,Random Forest
171974,169906.07088601097,Random Forest
121850,126485.63460871812,Random Forest
135720,134843.06895424193,Random Forest
177900,175596.2968228322,Random Forest
119600,119541.59764473455,Random Forest
135720,134828.4758932205,Random Forest
135200,133606.2150871994,Random Forest
126000,128542.18876578315,Random Forest
171600,171305.96603699596,Random Forest
127900,127797.34451059168,Random Forest
127900,127797.34451059168,Random Forest
150800,148259.2780149405,Random Forest
111530,113799.34320561103,Random Forest
111530,113799.34320561103,Random Forest
135200,141887.9193943126,Random Forest
182000,188949.11965507775,Random Forest
185150,178061.38776172855,Random Forest
105000,112754.79938019946,Random Forest
132744,135901.22544173535,Random Forest
104000,106464.84354523003,Random Forest
104000,106570.72687856335,Random Forest
145600,145007.79222453936,Random Forest
119600,119972.96426608133,Random Forest
86644,87191.65693101779,Random Forest
105000,112755.52115520462,Random Forest
86644,87226.78978703791,Random Forest
86644,87226.78978703791,Random Forest
187200,181104.4060883557,Random Forest
92814,89647.77012546819,Random Forest
161200,159169.4993506685,Random Forest
141750,141859.95755222152,Random Forest
159120,150804.17015407936,Random Forest
123850,123955.6841565284,Random Forest
123850,123955.6841565284,Random Forest
123850,123955.6841565284,Random Forest
123850,123955.6841565284,Random Forest
123850,123955.6841565284,Random Forest
181900,178691.21390109308,Random Forest
166400,171169.8639810201,Random Forest
123850,124103.73171020225,Random Forest
156000,160284.90123639937,Random Forest
121680,126820.3268594566,Random Forest
166367,168203.12076162323,Random Forest
171600,168363.93325666166,Random Forest
140400,139960.47073946695,Random Forest
145600,150039.4922457608,Random Forest
125675,124615.40808480517,Random Forest
133700,129770.24750512034,Random Forest
125675,124555.62724076971,Random Forest
123850,124101.60455300231,Random Forest
123850,124101.60455300231,Random Forest
123850,124101.60455300231,Random Forest
123850,124101.60455300231,Random Forest
123850,124101.60455300231,Random Forest
123850,124101.60455300231,Random Forest
123850,124101.60455300231,Random Forest
123850,124101.60455300231,Random Forest
123850,124108.43918785079,Random Forest
166367,168014.83493770548,Random Forest
156000,156828.92577917618,Random Forest
152515,152244.8427536932,Random Forest
152515,152244.8427536932,Random Forest
145000,143599.8068015305,Random Forest
147500,145319.25706486346,Random Forest
152515,152034.04768839738,Random Forest
145000,143651.83991387798,Random Forest
172000,170820.21601551987,Random Forest
211300,223281.01904898442,Random Forest
168904,169394.4578452435,Random Forest
182000,175837.9193573695,Random Forest
171550,171656.66625495587,Random Forest
240100,234211.37473732737,Random Forest
